author,claps,reading_time,link,title,text,category,tags
John Smith,1.1K,5,https://example.com/food-article-children-1,Healthy Snacks for Kids: Tasty and Nutritious Options,Children need snacks that are both tasty and nutritious. This article explores healthy snack options that kids will love.,Life,['children']
John Smith,1.4K,6,https://example.com/food-article-children-2,Cooking with Kids: Fun Recipes for the Whole Family,Get your children involved in the kitchen with these fun and easy recipes that the whole family can enjoy.,Life,['children']
John Smith,1.2K,4,https://example.com/food-article-children-3,Balancing Nutrition for Picky Eaters,Learn how to balance nutrition for children who are picky eaters with creative and healthy meal ideas.,Life,['children']
John Smith,1.5K,7,https://example.com/food-article-children-4,School Lunch Ideas: Nutritious and Easy to Pack,Discover nutritious and easy-to-pack lunch ideas for your children to take to school.,Life,['children']
John Smith,1.3K,5,https://example.com/food-article-children-5,Understanding Children's Dietary Needs,An overview of children's dietary needs and how to ensure they get the right nutrients.,Life,['children']
Tom Johnson,2K,5,https://example.com/food-article-disease-1,Foods That Boost Your Immune System,Learn about foods that can help boost your immune system and protect against diseases.,Life,['disease']
Tom Johnson,2.3K,6,https://example.com/food-article-disease-2,The Role of Diet in Managing Chronic Diseases,Explore how diet can play a crucial role in managing chronic diseases like diabetes and heart disease.,Life,['disease']
Tom Johnson,2.1K,7,https://example.com/food-article-disease-3,Anti-Inflammatory Foods: Benefits and Recipes,Discover the benefits of anti-inflammatory foods and find recipes to incorporate them into your diet.,Life,['disease']
Tom Johnson,2.5K,5,https://example.com/food-article-disease-4,Understanding the Gut-Health Connection,"Learn about the connection between gut health and overall health, and how to improve it through diet.",Life,['disease']
Tom Johnson,2.4K,6,https://example.com/food-article-disease-5,Nutrition Tips for Cancer Patients,Get essential nutrition tips for cancer patients to help them maintain strength and energy during treatment.,Life,['disease']
Andrew Williams,1.8K,5,https://example.com/food-article-dating-1,Romantic Dinner Ideas for Date Night,Create a romantic dinner experience at home with these delicious and easy-to-make recipes.,Life,['dating']
Andrew Williams,2K,6,https://example.com/food-article-dating-2,Top 10 Foods to Boost Your Libido,Discover the top 10 foods that can help boost your libido and improve your love life.,Life,['dating']
Andrew Williams,1.9K,7,https://example.com/food-article-dating-3,Healthy Eating Habits for Couples,Learn how couples can develop healthy eating habits together to improve their overall well-being.,Life,['dating']
Andrew Williams,1.7K,5,https://example.com/food-article-dating-4,The Perfect Picnic: Food Ideas for a Romantic Outing,Plan the perfect picnic with these romantic food ideas that are easy to pack and enjoy outdoors.,Life,['dating']
Andrew Williams,2.1K,6,https://example.com/food-article-dating-5,Cooking Classes for Couples: A Fun Date Idea,Find out why cooking classes are a fun and unique date idea for couples looking to bond over food.,Life,['dating']
Emily Brown,1.3K,5,https://example.com/food-article-friendship-1,Hosting a Dinner Party: Tips for a Successful Gathering,"Host a successful dinner party with these tips on planning, cooking, and entertaining your friends.",Life,['friendship']
Emily Brown,1.6K,6,https://example.com/food-article-friendship-2,Potluck Party Ideas: Easy Dishes to Share with Friends,Organize a potluck party with these easy and delicious dishes that are perfect for sharing with friends.,Life,['friendship']
Emily Brown,1.5K,7,https://example.com/food-article-friendship-3,Brunch with Friends: Menu Ideas and Recipes,Plan a delightful brunch with friends using these menu ideas and recipes that everyone will enjoy.,Life,['friendship']
John Smith,1.1K,5,https://example.com/food-article-children-1,Healthy Snacks for Kids: Tasty and Nutritious Options,Children need snacks that are both tasty and nutritious. This article explores healthy snack options that kids will love.,Life,['children']
John Smith,1.4K,6,https://example.com/food-article-children-2,Cooking with Kids: Fun Recipes for the Whole Family,Get your children involved in the kitchen with these fun and easy recipes that the whole family can enjoy.,Life,['children']
John Smith,1.2K,4,https://example.com/food-article-children-3,Balancing Nutrition for Picky Eaters,Learn how to balance nutrition for children who are picky eaters with creative and healthy meal ideas.,Life,['children']
John Smith,1.5K,7,https://example.com/food-article-children-4,School Lunch Ideas: Nutritious and Easy to Pack,Discover nutritious and easy-to-pack lunch ideas for your children to take to school.,Life,['children']
John Smith,1.3K,5,https://example.com/food-article-children-5,Understanding Children's Dietary Needs,An overview of children's dietary needs and how to ensure they get the right nutrients.,Life,['children']
Tom Johnson,2K,5,https://example.com/food-article-disease-1,Foods That Boost Your Immune System,Learn about foods that can help boost your immune system and protect against diseases.,Life,['disease']
Tom Johnson,2.3K,6,https://example.com/food-article-disease-2,The Role of Diet in Managing Chronic Diseases,Explore how diet can play a crucial role in managing chronic diseases like diabetes and heart disease.,Life,['disease']
Tom Johnson,2.1K,7,https://example.com/food-article-disease-3,Anti-Inflammatory Foods: Benefits and Recipes,Discover the benefits of anti-inflammatory foods and find recipes to incorporate them into your diet.,Life,['disease']
Tom Johnson,2.5K,5,https://example.com/food-article-disease-4,Understanding the Gut-Health Connection,"Learn about the connection between gut health and overall health, and how to improve it through diet.",Life,['disease']
Tom Johnson,2.4K,6,https://example.com/food-article-disease-5,Nutrition Tips for Cancer Patients,Get essential nutrition tips for cancer patients to help them maintain strength and energy during treatment.,Life,['disease']
Andrew Williams,1.8K,5,https://example.com/food-article-dating-1,Romantic Dinner Ideas for Date Night,Create a romantic dinner experience at home with these delicious and easy-to-make recipes.,Life,['dating']
Andrew Williams,2K,6,https://example.com/food-article-dating-2,Top 10 Foods to Boost Your Libido,Discover the top 10 foods that can help boost your libido and improve your love life.,Life,['dating']
Andrew Williams,1.9K,7,https://example.com/food-article-dating-3,Healthy Eating Habits for Couples,Learn how couples can develop healthy eating habits together to improve their overall well-being.,Life,['dating']
Andrew Williams,1.7K,5,https://example.com/food-article-dating-4,The Perfect Picnic: Food Ideas for a Romantic Outing,Plan the perfect picnic with these romantic food ideas that are easy to pack and enjoy outdoors.,Life,['dating']
Andrew Williams,2.1K,6,https://example.com/food-article-dating-5,Cooking Classes for Couples: A Fun Date Idea,Find out why cooking classes are a fun and unique date idea for couples looking to bond over food.,Life,['dating']
Emily Brown,1.3K,5,https://example.com/food-article-friendship-1,Hosting a Dinner Party: Tips for a Successful Gathering,"Host a successful dinner party with these tips on planning, cooking, and entertaining your friends.",Life,['friendship']
Emily Brown,1.6K,6,https://example.com/food-article-friendship-2,Potluck Party Ideas: Easy Dishes to Share with Friends,Organize a potluck party with these easy and delicious dishes that are perfect for sharing with friends.,Life,['friendship']
Emily Brown,1.5K,7,https://example.com/food-article-friendship-3,Brunch with Friends: Menu Ideas and Recipes,Plan a delightful brunch with friends using these menu ideas and recipes that everyone will enjoy.,Life,['friendship']
John Smith,1.1K,5,https://example.com/food-article-children-1,Healthy Snacks for Kids: Tasty and Nutritious Options,Children need snacks that are both tasty and nutritious. This article explores healthy snack options that kids will love.,Life,['children']
John Smith,1.4K,6,https://example.com/food-article-children-2,Cooking with Kids: Fun Recipes for the Whole Family,Get your children involved in the kitchen with these fun and easy recipes that the whole family can enjoy.,Life,['children']
John Smith,1.2K,4,https://example.com/food-article-children-3,Balancing Nutrition for Picky Eaters,Learn how to balance nutrition for children who are picky eaters with creative and healthy meal ideas.,Life,['children']
John Smith,1.5K,7,https://example.com/food-article-children-4,School Lunch Ideas: Nutritious and Easy to Pack,Discover nutritious and easy-to-pack lunch ideas for your children to take to school.,Life,['children']
John Smith,1.3K,5,https://example.com/food-article-children-5,Understanding Children's Dietary Needs,An overview of children's dietary needs and how to ensure they get the right nutrients.,Life,['children']
Tom Johnson,2K,5,https://example.com/food-article-disease-1,Foods That Boost Your Immune System,Learn about foods that can help boost your immune system and protect against diseases.,Life,['disease']
Tom Johnson,2.3K,6,https://example.com/food-article-disease-2,The Role of Diet in Managing Chronic Diseases,Explore how diet can play a crucial role in managing chronic diseases like diabetes and heart disease.,Life,['disease']
Tom Johnson,2.1K,7,https://example.com/food-article-disease-3,Anti-Inflammatory Foods: Benefits and Recipes,Discover the benefits of anti-inflammatory foods and find recipes to incorporate them into your diet.,Life,['disease']
Tom Johnson,2.5K,5,https://example.com/food-article-disease-4,Understanding the Gut-Health Connection,"Learn about the connection between gut health and overall health, and how to improve it through diet.",Life,['disease']
Tom Johnson,2.4K,6,https://example.com/food-article-disease-5,Nutrition Tips for Cancer Patients,Get essential nutrition tips for cancer patients to help them maintain strength and energy during treatment.,Life,['disease']
Andrew Williams,1.8K,5,https://example.com/food-article-dating-1,Romantic Dinner Ideas for Date Night,Create a romantic dinner experience at home with these delicious and easy-to-make recipes.,Life,['dating']
Andrew Williams,2K,6,https://example.com/food-article-dating-2,Top 10 Foods to Boost Your Libido,Discover the top 10 foods that can help boost your libido and improve your love life.,Life,['dating']
Andrew Williams,1.9K,7,https://example.com/food-article-dating-3,Healthy Eating Habits for Couples,Learn how couples can develop healthy eating habits together to improve their overall well-being.,Life,['dating']
Andrew Williams,1.7K,5,https://example.com/food-article-dating-4,The Perfect Picnic: Food Ideas for a Romantic Outing,Plan the perfect picnic with these romantic food ideas that are easy to pack and enjoy outdoors.,Life,['dating']
Andrew Williams,2.1K,6,https://example.com/food-article-dating-5,Cooking Classes for Couples: A Fun Date Idea,Find out why cooking classes are a fun and unique date idea for couples looking to bond over food.,Life,['dating']
Emily Brown,1.3K,5,https://example.com/food-article-friendship-1,Hosting a Dinner Party: Tips for a Successful Gathering,"Host a successful dinner party with these tips on planning, cooking, and entertaining your friends.",Life,['friendship']
Emily Brown,1.6K,6,https://example.com/food-article-friendship-2,Potluck Party Ideas: Easy Dishes to Share with Friends,Organize a potluck party with these easy and delicious dishes that are perfect for sharing with friends.,Life,['friendship']
Emily Brown,1.5K,7,https://example.com/food-article-friendship-3,Brunch with Friends: Menu Ideas and Recipes,Plan a delightful brunch with friends using these menu ideas and recipes that everyone will enjoy.,Life,['friendship']
John Smith,1.1K,5,https://example.com/food-article-children-1,Healthy Snacks for Kids: Tasty and Nutritious Options,Children need snacks that are both tasty and nutritious. This article explores healthy snack options that kids will love.,Life,['children']
John Smith,1.4K,6,https://example.com/food-article-children-2,Cooking with Kids: Fun Recipes for the Whole Family,Get your children involved in the kitchen with these fun and easy recipes that the whole family can enjoy.,Life,['children']
John Smith,1.2K,4,https://example.com/food-article-children-3,Balancing Nutrition for Picky Eaters,Learn how to balance nutrition for children who are picky eaters with creative and healthy meal ideas.,Life,['children']
John Smith,1.5K,7,https://example.com/food-article-children-4,School Lunch Ideas: Nutritious and Easy to Pack,Discover nutritious and easy-to-pack lunch ideas for your children to take to school.,Life,['children']
John Smith,1.3K,5,https://example.com/food-article-children-5,Understanding Children's Dietary Needs,An overview of children's dietary needs and how to ensure they get the right nutrients.,Life,['children']
Tom Johnson,2K,5,https://example.com/food-article-disease-1,Foods That Boost Your Immune System,Learn about foods that can help boost your immune system and protect against diseases.,Life,['disease']
Tom Johnson,2.3K,6,https://example.com/food-article-disease-2,The Role of Diet in Managing Chronic Diseases,Explore how diet can play a crucial role in managing chronic diseases like diabetes and heart disease.,Life,['disease']
Tom Johnson,2.1K,7,https://example.com/food-article-disease-3,Anti-Inflammatory Foods: Benefits and Recipes,Discover the benefits of anti-inflammatory foods and find recipes to incorporate them into your diet.,Life,['disease']
Tom Johnson,2.5K,5,https://example.com/food-article-disease-4,Understanding the Gut-Health Connection,"Learn about the connection between gut health and overall health, and how to improve it through diet.",Life,['disease']
Tom Johnson,2.4K,6,https://example.com/food-article-disease-5,Nutrition Tips for Cancer Patients,Get essential nutrition tips for cancer patients to help them maintain strength and energy during treatment.,Life,['disease']
Andrew Williams,1.8K,5,https://example.com/food-article-dating-1,Romantic Dinner Ideas for Date Night,Create a romantic dinner experience at home with these delicious and easy-to-make recipes.,Life,['dating']
Andrew Williams,2K,6,https://example.com/food-article-dating-2,Top 10 Foods to Boost Your Libido,Discover the top 10 foods that can help boost your libido and improve your love life.,Life,['dating']
Andrew Williams,1.9K,7,https://example.com/food-article-dating-3,Healthy Eating Habits for Couples,Learn how couples can develop healthy eating habits together to improve their overall well-being.,Life,['dating']
Andrew Williams,1.7K,5,https://example.com/food-article-dating-4,The Perfect Picnic: Food Ideas for a Romantic Outing,Plan the perfect picnic with these romantic food ideas that are easy to pack and enjoy outdoors.,Life,['dating']
Andrew Williams,2.1K,6,https://example.com/food-article-dating-5,Cooking Classes for Couples: A Fun Date Idea,Find out why cooking classes are a fun and unique date idea for couples looking to bond over food.,Life,['dating']
Emily Brown,1.3K,5,https://example.com/food-article-friendship-1,Hosting a Dinner Party: Tips for a Successful Gathering,"Host a successful dinner party with these tips on planning, cooking, and entertaining your friends.",Life,['friendship']
Emily Brown,1.6K,6,https://example.com/food-article-friendship-2,Potluck Party Ideas: Easy Dishes to Share with Friends,Organize a potluck party with these easy and delicious dishes that are perfect for sharing with friends.,Life,['friendship']
Emily Brown,1.5K,7,https://example.com/food-article-friendship-3,Brunch with Friends: Menu Ideas and Recipes,Plan a delightful brunch with friends using these menu ideas and recipes that everyone will enjoy.,Life,['friendship']
John Smith,1.1K,5,https://example.com/food-article-children-1,Healthy Snacks for Kids: Tasty and Nutritious Options,Children need snacks that are both tasty and nutritious. This article explores healthy snack options that kids will love.,Life,['children']
John Smith,1.4K,6,https://example.com/food-article-children-2,Cooking with Kids: Fun Recipes for the Whole Family,Get your children involved in the kitchen with these fun and easy recipes that the whole family can enjoy.,Life,['children']
John Smith,1.2K,4,https://example.com/food-article-children-3,Balancing Nutrition for Picky Eaters,Learn how to balance nutrition for children who are picky eaters with creative and healthy meal ideas.,Life,['children']
John Smith,1.5K,7,https://example.com/food-article-children-4,School Lunch Ideas: Nutritious and Easy to Pack,Discover nutritious and easy-to-pack lunch ideas for your children to take to school.,Life,['children']
John Smith,1.3K,5,https://example.com/food-article-children-5,Understanding Children's Dietary Needs,An overview of children's dietary needs and how to ensure they get the right nutrients.,Life,['children']
Tom Johnson,2K,5,https://example.com/food-article-disease-1,Foods That Boost Your Immune System,Learn about foods that can help boost your immune system and protect against diseases.,Life,['disease']
Tom Johnson,2.3K,6,https://example.com/food-article-disease-2,The Role of Diet in Managing Chronic Diseases,Explore how diet can play a crucial role in managing chronic diseases like diabetes and heart disease.,Life,['disease']
Tom Johnson,2.1K,7,https://example.com/food-article-disease-3,Anti-Inflammatory Foods: Benefits and Recipes,Discover the benefits of anti-inflammatory foods and find recipes to incorporate them into your diet.,Life,['disease']
Tom Johnson,2.5K,5,https://example.com/food-article-disease-4,Understanding the Gut-Health Connection,"Learn about the connection between gut health and overall health, and how to improve it through diet.",Life,['disease']
Tom Johnson,2.4K,6,https://example.com/food-article-disease-5,Nutrition Tips for Cancer Patients,Get essential nutrition tips for cancer patients to help them maintain strength and energy during treatment.,Life,['disease']
Andrew Williams,1.8K,5,https://example.com/food-article-dating-1,Romantic Dinner Ideas for Date Night,Create a romantic dinner experience at home with these delicious and easy-to-make recipes.,Life,['dating']
Andrew Williams,2K,6,https://example.com/food-article-dating-2,Top 10 Foods to Boost Your Libido,Discover the top 10 foods that can help boost your libido and improve your love life.,Life,['dating']
Andrew Williams,1.9K,7,https://example.com/food-article-dating-3,Healthy Eating Habits for Couples,Learn how couples can develop healthy eating habits together to improve their overall well-being.,Life,['dating']
Andrew Williams,1.7K,5,https://example.com/food-article-dating-4,The Perfect Picnic: Food Ideas for a Romantic Outing,Plan the perfect picnic with these romantic food ideas that are easy to pack and enjoy outdoors.,Life,['dating']
Andrew Williams,2.1K,6,https://example.com/food-article-dating-5,Cooking Classes for Couples: A Fun Date Idea,Find out why cooking classes are a fun and unique date idea for couples looking to bond over food.,Life,['dating']
Emily Brown,1.3K,5,https://example.com/food-article-friendship-1,Hosting a Dinner Party: Tips for a Successful Gathering,"Host a successful dinner party with these tips on planning, cooking, and entertaining your friends.",Life,['friendship']
Emily Brown,1.6K,6,https://example.com/food-article-friendship-2,Potluck Party Ideas: Easy Dishes to Share with Friends,Organize a potluck party with these easy and delicious dishes that are perfect for sharing with friends.,Life,['friendship']
Emily Brown,1.5K,7,https://example.com/food-article-friendship-3,Brunch with Friends: Menu Ideas and Recipes,Plan a delightful brunch with friends using these menu ideas and recipes that everyone will enjoy.,Life,['friendship']
John Smith,1.1K,5,https://example.com/food-article-children-1,Healthy Snacks for Kids: Tasty and Nutritious Options,Children need snacks that are both tasty and nutritious. This article explores healthy snack options that kids will love.,Life,['children']
John Smith,1.4K,6,https://example.com/food-article-children-2,Cooking with Kids: Fun Recipes for the Whole Family,Get your children involved in the kitchen with these fun and easy recipes that the whole family can enjoy.,Life,['children']
John Smith,1.2K,4,https://example.com/food-article-children-3,Balancing Nutrition for Picky Eaters,Learn how to balance nutrition for children who are picky eaters with creative and healthy meal ideas.,Life,['children']
John Smith,1.5K,7,https://example.com/food-article-children-4,School Lunch Ideas: Nutritious and Easy to Pack,Discover nutritious and easy-to-pack lunch ideas for your children to take to school.,Life,['children']
John Smith,1.3K,5,https://example.com/food-article-children-5,Understanding Children's Dietary Needs,An overview of children's dietary needs and how to ensure they get the right nutrients.,Life,['children']
Tom Johnson,2K,5,https://example.com/food-article-disease-1,Foods That Boost Your Immune System,Learn about foods that can help boost your immune system and protect against diseases.,Life,['disease']
Tom Johnson,2.3K,6,https://example.com/food-article-disease-2,The Role of Diet in Managing Chronic Diseases,Explore how diet can play a crucial role in managing chronic diseases like diabetes and heart disease.,Life,['disease']
Tom Johnson,2.1K,7,https://example.com/food-article-disease-3,Anti-Inflammatory Foods: Benefits and Recipes,Discover the benefits of anti-inflammatory foods and find recipes to incorporate them into your diet.,Life,['disease']
Tom Johnson,2.5K,5,https://example.com/food-article-disease-4,Understanding the Gut-Health Connection,"Learn about the connection between gut health and overall health, and how to improve it through diet.",Life,['disease']
Tom Johnson,2.4K,6,https://example.com/food-article-disease-5,Nutrition Tips for Cancer Patients,Get essential nutrition tips for cancer patients to help them maintain strength and energy during treatment.,Life,['disease']
Andrew Williams,1.8K,5,https://example.com/food-article-dating-1,Romantic Dinner Ideas for Date Night,Create a romantic dinner experience at home with these delicious and easy-to-make recipes.,Life,['dating']
Andrew Williams,2K,6,https://example.com/food-article-dating-2,Top 10 Foods to Boost Your Libido,Discover the top 10 foods that can help boost your libido and improve your love life.,Life,['dating']
Andrew Williams,1.9K,7,https://example.com/food-article-dating-3,Healthy Eating Habits for Couples,Learn how couples can develop healthy eating habits together to improve their overall well-being.,Life,['dating']
Andrew Williams,1.7K,5,https://example.com/food-article-dating-4,The Perfect Picnic: Food Ideas for a Romantic Outing,Plan the perfect picnic with these romantic food ideas that are easy to pack and enjoy outdoors.,Life,['dating']
Andrew Williams,2.1K,6,https://example.com/food-article-dating-5,Cooking Classes for Couples: A Fun Date Idea,Find out why cooking classes are a fun and unique date idea for couples looking to bond over food.,Life,['dating']
Emily Brown,1.3K,5,https://example.com/food-article-friendship-1,Hosting a Dinner Party: Tips for a Successful Gathering,"Host a successful dinner party with these tips on planning, cooking, and entertaining your friends.",Life,['friendship']
Emily Brown,1.6K,6,https://example.com/food-article-friendship-2,Potluck Party Ideas: Easy Dishes to Share with Friends,Organize a potluck party with these easy and delicious dishes that are perfect for sharing with friends.,Life,['friendship']
Emily Brown,1.5K,7,https://example.com/food-article-friendship-3,Brunch with Friends: Menu Ideas and Recipes,Plan a delightful brunch with friends using these menu ideas and recipes that everyone will enjoy.,Life,['friendship']
John Smith,1.1K,5,https://example.com/food-article-children-1,Healthy Snacks for Kids: Tasty and Nutritious Options,Children need snacks that are both tasty and nutritious. This article explores healthy snack options that kids will love.,Life,['children']
John Smith,1.4K,6,https://example.com/food-article-children-2,Cooking with Kids: Fun Recipes for the Whole Family,Get your children involved in the kitchen with these fun and easy recipes that the whole family can enjoy.,Life,['children']
John Smith,1.2K,4,https://example.com/food-article-children-3,Balancing Nutrition for Picky Eaters,Learn how to balance nutrition for children who are picky eaters with creative and healthy meal ideas.,Life,['children']
John Smith,1.5K,7,https://example.com/food-article-children-4,School Lunch Ideas: Nutritious and Easy to Pack,Discover nutritious and easy-to-pack lunch ideas for your children to take to school.,Life,['children']
John Smith,1.3K,5,https://example.com/food-article-children-5,Understanding Children's Dietary Needs,An overview of children's dietary needs and how to ensure they get the right nutrients.,Life,['children']
Tom Johnson,2K,5,https://example.com/food-article-disease-1,Foods That Boost Your Immune System,Learn about foods that can help boost your immune system and protect against diseases.,Life,['disease']
Tom Johnson,2.3K,6,https://example.com/food-article-disease-2,The Role of Diet in Managing Chronic Diseases,Explore how diet can play a crucial role in managing chronic diseases like diabetes and heart disease.,Life,['disease']
Tom Johnson,2.1K,7,https://example.com/food-article-disease-3,Anti-Inflammatory Foods: Benefits and Recipes,Discover the benefits of anti-inflammatory foods and find recipes to incorporate them into your diet.,Life,['disease']
Tom Johnson,2.5K,5,https://example.com/food-article-disease-4,Understanding the Gut-Health Connection,"Learn about the connection between gut health and overall health, and how to improve it through diet.",Life,['disease']
Tom Johnson,2.4K,6,https://example.com/food-article-disease-5,Nutrition Tips for Cancer Patients,Get essential nutrition tips for cancer patients to help them maintain strength and energy during treatment.,Life,['disease']
Andrew Williams,1.8K,5,https://example.com/food-article-dating-1,Romantic Dinner Ideas for Date Night,Create a romantic dinner experience at home with these delicious and easy-to-make recipes.,Life,['dating']
Andrew Williams,2K,6,https://example.com/food-article-dating-2,Top 10 Foods to Boost Your Libido,Discover the top 10 foods that can help boost your libido and improve your love life.,Life,['dating']
Andrew Williams,1.9K,7,https://example.com/food-article-dating-3,Healthy Eating Habits for Couples,Learn how couples can develop healthy eating habits together to improve their overall well-being.,Life,['dating']
Andrew Williams,1.7K,5,https://example.com/food-article-dating-4,The Perfect Picnic: Food Ideas for a Romantic Outing,Plan the perfect picnic with these romantic food ideas that are easy to pack and enjoy outdoors.,Life,['dating']
Andrew Williams,2.1K,6,https://example.com/food-article-dating-5,Cooking Classes for Couples: A Fun Date Idea,Find out why cooking classes are a fun and unique date idea for couples looking to bond over food.,Life,['dating']
Emily Brown,1.3K,5,https://example.com/food-article-friendship-1,Hosting a Dinner Party: Tips for a Successful Gathering,"Host a successful dinner party with these tips on planning, cooking, and entertaining your friends.",Life,['friendship']
Emily Brown,1.6K,6,https://example.com/food-article-friendship-2,Potluck Party Ideas: Easy Dishes to Share with Friends,Organize a potluck party with these easy and delicious dishes that are perfect for sharing with friends.,Life,['friendship']
Emily Brown,1.5K,7,https://example.com/food-article-friendship-3,Brunch with Friends: Menu Ideas and Recipes,Plan a delightful brunch with friends using these menu ideas and recipes that everyone will enjoy.,Life,['friendship']
John Smith,1.1K,5,https://example.com/food-article-children-1,Healthy Snacks for Kids: Tasty and Nutritious Options,Children need snacks that are both tasty and nutritious. This article explores healthy snack options that kids will love.,Life,['children']
John Smith,1.4K,6,https://example.com/food-article-children-2,Cooking with Kids: Fun Recipes for the Whole Family,Get your children involved in the kitchen with these fun and easy recipes that the whole family can enjoy.,Life,['children']
John Smith,1.2K,4,https://example.com/food-article-children-3,Balancing Nutrition for Picky Eaters,Learn how to balance nutrition for children who are picky eaters with creative and healthy meal ideas.,Life,['children']
John Smith,1.5K,7,https://example.com/food-article-children-4,School Lunch Ideas: Nutritious and Easy to Pack,Discover nutritious and easy-to-pack lunch ideas for your children to take to school.,Life,['children']
John Smith,1.3K,5,https://example.com/food-article-children-5,Understanding Children's Dietary Needs,An overview of children's dietary needs and how to ensure they get the right nutrients.,Life,['children']
Tom Johnson,2K,5,https://example.com/food-article-disease-1,Foods That Boost Your Immune System,Learn about foods that can help boost your immune system and protect against diseases.,Life,['disease']
Tom Johnson,2.3K,6,https://example.com/food-article-disease-2,The Role of Diet in Managing Chronic Diseases,Explore how diet can play a crucial role in managing chronic diseases like diabetes and heart disease.,Life,['disease']
Tom Johnson,2.1K,7,https://example.com/food-article-disease-3,Anti-Inflammatory Foods: Benefits and Recipes,Discover the benefits of anti-inflammatory foods and find recipes to incorporate them into your diet.,Life,['disease']
Tom Johnson,2.5K,5,https://example.com/food-article-disease-4,Understanding the Gut-Health Connection,"Learn about the connection between gut health and overall health, and how to improve it through diet.",Life,['disease']
Tom Johnson,2.4K,6,https://example.com/food-article-disease-5,Nutrition Tips for Cancer Patients,Get essential nutrition tips for cancer patients to help them maintain strength and energy during treatment.,Life,['disease']
Andrew Williams,1.8K,5,https://example.com/food-article-dating-1,Romantic Dinner Ideas for Date Night,Create a romantic dinner experience at home with these delicious and easy-to-make recipes.,Life,['dating']
Andrew Williams,2K,6,https://example.com/food-article-dating-2,Top 10 Foods to Boost Your Libido,Discover the top 10 foods that can help boost your libido and improve your love life.,Life,['dating']
Andrew Williams,1.9K,7,https://example.com/food-article-dating-3,Healthy Eating Habits for Couples,Learn how couples can develop healthy eating habits together to improve their overall well-being.,Life,['dating']
Andrew Williams,1.7K,5,https://example.com/food-article-dating-4,The Perfect Picnic: Food Ideas for a Romantic Outing,Plan the perfect picnic with these romantic food ideas that are easy to pack and enjoy outdoors.,Life,['dating']
Andrew Williams,2.1K,6,https://example.com/food-article-dating-5,Cooking Classes for Couples: A Fun Date Idea,Find out why cooking classes are a fun and unique date idea for couples looking to bond over food.,Life,['dating']
Emily Brown,1.3K,5,https://example.com/food-article-friendship-1,Hosting a Dinner Party: Tips for a Successful Gathering,"Host a successful dinner party with these tips on planning, cooking, and entertaining your friends.",Life,['friendship']
Emily Brown,1.6K,6,https://example.com/food-article-friendship-2,Potluck Party Ideas: Easy Dishes to Share with Friends,Organize a potluck party with these easy and delicious dishes that are perfect for sharing with friends.,Life,['friendship']
Emily Brown,1.5K,7,https://example.com/food-article-friendship-3,Brunch with Friends: Menu Ideas and Recipes,Plan a delightful brunch with friends using these menu ideas and recipes that everyone will enjoy.,Life,['friendship']
Michael Wilson,1.2K,4 mins,https://example.com/marriage-article-1,The Secret to a Lasting Marriage,"A lasting marriage is built on a foundation of mutual respect, open communication, and shared values. Couples who thrive understand the importance of compromise and work together to resolve conflicts without letting them escalate. They make time for each other, fostering intimacy and connection through regular date nights and shared activities. Trust is paramount; without it, the relationship can falter. Both partners should feel valued and supported, with each taking an active role in nurturing the marriage. Celebrating successes, both big and small, reinforces a positive dynamic. Ultimately, a lasting marriage requires continuous effort and dedication from both individuals, ensuring that love and commitment remain at the forefront of their relationship.",Life,"['love', 'marriage']"
Emily Brown,1.5K,5 mins,https://example.com/marriage-article-2,Rekindling Romance in Your Marriage,"Over time, it's natural for the initial spark in a marriage to dim, but rekindling romance is entirely possible with conscious effort. Start by prioritizing quality time together, free from distractions like phones or work. Plan surprise dates or revisit places that hold sentimental value. Small gestures, like leaving love notes or preparing a favorite meal, can reignite feelings of affection. Physical touch, whether through hugs, holding hands, or more intimate moments, fosters a deeper connection. Communicate openly about desires and fantasies to keep the excitement alive. Remember, maintaining romance in marriage is about consistency and showing appreciation for each other every day.",Life,"['love', 'marriage']"
Sarah Davis,1.8K,6 mins,https://example.com/marriage-article-3,Navigating Challenges in Marriage,"Every marriage faces challenges, but navigating them successfully can strengthen the bond between partners. The key is to approach issues as a team, rather than adversaries. Open and honest communication is crucial; share your feelings and listen to your partner's perspective without judgment. Compromise is often necessary, finding solutions that respect both parties' needs and desires. It's important to maintain a sense of humor and not take things too personally. Seek professional help if needed; marriage counseling can provide valuable tools and insights. Remember, overcoming challenges together reinforces your commitment and can lead to a deeper, more resilient partnership.",Life,"['love', 'marriage']"
Tom Johnson,1.3K,4 mins,https://example.com/marriage-article-4,The Importance of Shared Goals in Marriage,"Shared goals are a cornerstone of a strong marriage, providing a sense of direction and common purpose. Whether it's financial planning, career aspirations, or starting a family, having aligned objectives fosters unity and cooperation. Discuss your dreams and ambitions openly, ensuring that both partners feel heard and valued. Regularly revisit and adjust your goals as needed, celebrating milestones along the way. Working towards shared goals builds trust and reinforces your commitment to each other. It also creates a framework for tackling challenges together, as both partners are invested in the same outcomes. Ultimately, shared goals help keep your relationship dynamic and forward-focused.",Life,"['love', 'marriage']"
Andrew Williams,1.7K,5 mins,https://example.com/marriage-article-5,The Role of Appreciation in Marriage,"Appreciation is a fundamental aspect of a happy marriage, fostering positive feelings and reinforcing the bond between partners. Regularly expressing gratitude for the little things, like a prepared meal or a supportive gesture, can make a big difference. Verbal affirmations, such as 'thank you' or 'I appreciate you,' should be part of daily interactions. Acts of appreciation can also be non-verbal, like a warm hug or an unexpected gift. Recognizing and valuing your partner's efforts creates a nurturing environment where both feel loved and respected. When appreciation is a regular part of your relationship, it builds a strong foundation of mutual respect and admiration.",Life,"['love', 'marriage']"
John Smith,1.2K,3 mins,https://example.com/anxiety-article-1,Managing Anxiety Through Mindfulness,"Anxiety can be overwhelming, but mindfulness offers a way to manage it effectively. By focusing on the present moment, mindfulness helps reduce the constant worry about the future. Simple practices like deep breathing, meditation, and mindful walking can significantly lower anxiety levels. Start with a few minutes a day and gradually increase the duration. The key is consistency; the more you practice, the better you'll become at handling anxious thoughts. Mindfulness teaches you to observe your thoughts without judgment, allowing you to respond more calmly. Over time, this practice can transform your approach to anxiety, making it more manageable.",Self Improvement,['anxiety']
Tom Johnson,1.3K,4 mins,https://example.com/anxiety-article-2,The Power of Routine in Reducing Anxiety,"Establishing a daily routine can be a powerful tool in reducing anxiety. A structured day provides a sense of predictability and control, which can mitigate feelings of uncertainty and stress. Start by setting a consistent wake-up and sleep schedule. Incorporate regular exercise, balanced meals, and relaxation techniques into your day. Allocate specific times for work and leisure activities to create a balanced lifestyle. Routine helps your mind know what to expect, reducing the likelihood of anxiety-triggering surprises. Over time, a well-maintained routine can help stabilize your mood and make anxiety more manageable, leading to a calmer, more productive life.",Self Improvement,['anxiety']
Sarah Davis,1.5K,5 mins,https://example.com/anxiety-article-3,Understanding and Overcoming Social Anxiety,"Social anxiety can significantly impact your quality of life, but understanding its root causes can help you overcome it. It often stems from a fear of judgment or rejection. Start by challenging negative thoughts and replacing them with positive affirmations. Gradually expose yourself to social situations, starting with small, manageable interactions and slowly building up to more challenging scenarios. Practice deep breathing and mindfulness to stay calm in social settings. Seeking support from friends, family, or a therapist can also be beneficial. Remember, overcoming social anxiety is a gradual process, but with persistence, you can build confidence and ease in social situations.",Self Improvement,['anxiety']
Emily Brown,1.7K,6 mins,https://example.com/anxiety-article-4,The Role of Nutrition in Managing Anxiety,"Nutrition plays a crucial role in managing anxiety. Certain foods can help stabilize your mood and reduce stress. Incorporate omega-3 fatty acids, found in fish and flaxseeds, to support brain health. Foods rich in magnesium, like spinach and almonds, can help relax muscles and ease anxiety. Avoid excessive caffeine and sugar, which can exacerbate anxiety symptoms. Staying hydrated is also essential, as dehydration can affect your mood. Regular, balanced meals keep your blood sugar stable, preventing anxiety spikes. By paying attention to what you eat, you can create a diet that supports your mental well-being and helps manage anxiety more effectively.",Self Improvement,['anxiety']
Andrew Williams,1.9K,5 mins,https://example.com/anxiety-article-5,The Benefits of Exercise for Anxiety Relief,"Exercise is a highly effective way to relieve anxiety. Physical activity boosts the production of endorphins, the body's natural mood lifters. Regular exercise can reduce stress hormones, improve sleep quality, and increase self-esteem. Activities like jogging, yoga, and swimming are particularly beneficial. Aim for at least 30 minutes of moderate exercise most days of the week. Even short bursts of physical activity can have immediate effects on reducing anxiety. Find an exercise routine that you enjoy, as you're more likely to stick with it. Over time, consistent exercise can significantly reduce anxiety levels, improve your mood, and enhance overall well-being.",Self Improvement,['anxiety']
Michael Wilson,1.6K,5 mins,https://example.com/selfawareness-article-1,Developing Self-Awareness Through Reflection,"Self-awareness is the foundation of personal growth and development. Reflecting on your thoughts, emotions, and behaviors helps you understand your strengths and areas for improvement. Start by setting aside time each day for self-reflection. Journaling can be a powerful tool, allowing you to track your experiences and insights. Ask yourself questions like, 'What did I learn today?' and 'How did I react to challenges?' Over time, you'll notice patterns and gain deeper insights into your motivations and actions. Self-awareness enables you to make conscious choices aligned with your values, leading to more fulfilling and authentic life experiences.",Self Improvement,['selfawareness']
John Smith,1.4K,4 mins,https://example.com/selfawareness-article-2,The Power of Meditation in Enhancing Self-Awareness,"Meditation is a powerful practice for enhancing self-awareness. By focusing your mind and observing your thoughts without judgment, you can gain a deeper understanding of your inner self. Start with a few minutes of meditation each day, gradually increasing the duration as you become more comfortable. Find a quiet space, sit comfortably, and focus on your breath. As thoughts arise, acknowledge them and let them pass without attachment. Over time, meditation helps you become more attuned to your emotions, reactions, and thought patterns. This heightened self-awareness allows you to respond to life's challenges with greater clarity and intentionality.",Self Improvement,['selfawareness']
Emily Brown,1.3K,5 mins,https://example.com/selfawareness-article-3,Building Self-Awareness Through Feedback,"Receiving feedback is essential for building self-awareness. Constructive criticism from others provides valuable insights into how your actions and behaviors are perceived. Seek feedback from trusted friends, family members, or colleagues who can offer honest perspectives. Be open to their observations and use them to reflect on your strengths and areas for improvement. It's important to approach feedback with a growth mindset, seeing it as an opportunity for learning rather than a personal attack. Over time, regular feedback helps you become more aware of your impact on others and guides your personal and professional development.",Self Improvement,['selfawareness']
Tom Johnson,1.8K,6 mins,https://example.com/selfawareness-article-4,Enhancing Self-Awareness Through Mindful Living,"Mindful living is a powerful way to enhance self-awareness. By paying attention to your thoughts, feelings, and actions in the present moment, you can gain a deeper understanding of yourself. Practice mindfulness in everyday activities, such as eating, walking, and listening. Focus fully on the experience, noticing the sensations, emotions, and thoughts that arise. This practice helps you become more aware of your habitual reactions and automatic behaviors. Over time, mindful living allows you to make conscious choices aligned with your values and goals. It fosters a deeper connection with yourself and enhances your overall well-being.",Self Improvement,['selfawareness']
John Smith,1.2K,2 mins,https://example.com/career-advise-article-1,Setting Career Goals for Success,"Setting clear career goals is crucial for professional success. Begin by identifying your long-term aspirations and breaking them down into smaller, achievable steps. Regularly review and adjust your goals as you progress. This approach keeps you focused, motivated, and on track to achieve your desired career outcomes.",Self Improvement,['career advise']
Tom Johnson,1.3K,3 mins,https://example.com/career-advise-article-2,The Importance of Networking,"Networking is essential for career growth. Building strong professional relationships can open doors to new opportunities and provide valuable insights. Attend industry events, join professional groups, and stay active on platforms like LinkedIn. Remember, networking is about mutual benefit, so offer help and share knowledge.",Self Improvement,['career advise']
Sarah Davis,1.4K,3 mins,https://example.com/career-advise-article-3,Continuous Learning for Career Advancement,"Continuous learning is key to staying relevant in your career. Invest time in acquiring new skills and knowledge through courses, workshops, and reading. Stay updated with industry trends and advancements. This proactive approach ensures you remain competitive and capable of adapting to changes in your field.",Self Improvement,['career advise']
Emily Brown,1.5K,2 mins,https://example.com/journaling-article-1,Journaling for Self-Reflection,"Journaling is a powerful tool for self-reflection. By writing down your thoughts and feelings, you can gain insights into your inner world. Regular journaling helps you understand your emotions, track your progress, and set personal goals. It’s a simple yet effective way to enhance self-awareness and personal growth.",Self Improvement,['journaling']
Andrew Williams,1.6K,2 mins,https://example.com/journaling-article-2,Creative Journaling Techniques,"Creative journaling can make the practice more enjoyable and effective. Use different mediums like drawing, collage, and poetry to express your thoughts. Experiment with prompts and themes to inspire your writing. This approach not only makes journaling fun but also stimulates creativity and deeper self-exploration.",Self Improvement,['journaling']
Michael Wilson,1.7K,2 mins,https://example.com/journaling-article-3,Gratitude Journaling for Positivity,"Gratitude journaling is a great way to foster positivity. Each day, write down three things you’re grateful for. This practice shifts your focus from negative to positive experiences, enhancing your overall outlook. Over time, gratitude journaling can significantly improve your mental well-being and emotional resilience.",Self Improvement,['journaling']
Sarah Davis,1.8K,2 mins,https://example.com/meditation-article-1,The Basics of Meditation,"Meditation is a practice of focused attention and relaxation. Start with a few minutes each day, sitting comfortably and focusing on your breath. As thoughts arise, gently bring your focus back to your breath. Regular meditation reduces stress, enhances self-awareness, and promotes emotional health.",Self Improvement,['meditation']
Tom Johnson,1.9K,3 mins,https://example.com/meditation-article-2,Mindfulness Meditation for Everyday Calm,"Mindfulness meditation involves paying attention to the present moment without judgment. Practice it during daily activities like eating or walking. Focus on your senses and surroundings. This type of meditation reduces anxiety, improves concentration, and fosters a sense of peace and calm in your everyday life.",Self Improvement,['meditation']
Emily Brown,2.0K,3 mins,https://example.com/meditation-article-3,Guided Meditation for Beginners,"Guided meditation is a great way for beginners to start meditating. Use apps or online videos where a guide leads you through the meditation process. This helps you stay focused and learn different techniques. Over time, guided meditation can help you build a solid foundation for a personal meditation practice.",Self Improvement,['meditation']
John Smith,1.2K,2 mins,https://example.com/entrepreneurship-article-1,Starting Your Own Business: Tips for Success,Starting your own business requires careful planning and execution. Identify a market need and develop a business plan. Seek advice from experienced entrepreneurs and adapt based on feedback. Persistence and resilience are key to overcoming challenges and achieving long-term success.,Work,['entrepreneurship']
Tom Johnson,1.3K,2 mins,https://example.com/entrepreneurship-article-2,The Importance of Networking for Entrepreneurs,"Networking is crucial for entrepreneurs. Building relationships with other business owners, investors, and potential customers provides valuable insights and opportunities. Attend industry events, join professional groups, and leverage social media to connect with like-minded individuals and grow your network.",Work,['entrepreneurship']
Sarah Davis,1.4K,2 mins,https://example.com/entrepreneurship-article-3,Balancing Risk and Reward in Entrepreneurship,Entrepreneurship involves balancing risk and reward. Conduct thorough market research and develop a solid business plan to mitigate risks. Taking calculated risks is necessary for growth and innovation. Finding this balance is crucial for long-term success in business.,Work,['entrepreneurship']
Emily Brown,1.5K,2 mins,https://example.com/freelancing-article-1,How to Start Freelancing: A Beginner's Guide,Freelancing offers flexibility and independence. Begin by identifying your skills and the services you can offer. Create a professional portfolio and start networking to find clients. Set clear goals and manage your time effectively to ensure a steady workflow and income.,Work,['freelancing']
Andrew Williams,1.6K,2 mins,https://example.com/freelancing-article-2,Building a Strong Freelance Portfolio,A strong portfolio is essential for freelancers. Showcase your best work and highlight your skills and achievements. Include testimonials from satisfied clients to build credibility. Continuously update your portfolio to reflect your latest projects and demonstrate your expertise in your field.,Work,['freelancing']
Michael Lee,1.7K,2 mins,https://example.com/freelancing-article-3,Time Management Tips for Freelancers,Effective time management is crucial for freelancers. Set a daily schedule and prioritize tasks based on deadlines and importance. Use productivity tools and techniques to stay organized. Take regular breaks to avoid burnout and maintain a healthy work-life balance.,Work,['freelancing']
John Smith,1.2K,2 mins,https://example.com/startups-article-1,Launching Your First Startup: Key Steps,Launching a startup involves several key steps. Start by conducting market research to validate your idea. Develop a solid business plan and secure funding. Assemble a skilled team to execute your vision. Focus on creating a minimum viable product (MVP) to test the market and iterate based on feedback.,Work,['startups']
Tom Johnson,1.3K,2 mins,https://example.com/startups-article-2,Overcoming Challenges in Startups,"Startups face numerous challenges, from securing funding to building a customer base. Resilience and adaptability are crucial. Learn from failures and pivot when necessary. Seek mentorship from experienced entrepreneurs and leverage networking opportunities to gain insights and support. Stay focused on your long-term vision.",Work,['startups']
Sarah Davis,1.4K,2 mins,https://example.com/startups-article-3,The Importance of Innovation in Startups,Innovation is at the heart of successful startups. Constantly seek new ways to improve your product or service. Encourage a culture of creativity and experimentation within your team. Stay updated on industry trends and be willing to take calculated risks. Innovation drives growth and sets you apart from competitors.,Work,['startups']
Emily Brown,1.5K,2 mins,https://example.com/branding-article-1,Building a Strong Brand Identity,"A strong brand identity is essential for business success. Start by defining your brand's mission, vision, and values. Create a consistent visual and verbal identity across all platforms. Ensure your messaging resonates with your target audience. A strong brand builds trust and loyalty with customers.",Work,['branding']
Andrew Williams,1.6K,2 mins,https://example.com/branding-article-2,The Role of Storytelling in Branding,"Storytelling is a powerful tool in branding. Share your brand's story to connect emotionally with your audience. Highlight your journey, challenges, and successes. Use authentic and relatable narratives to build a strong connection with customers. Effective storytelling enhances brand perception and loyalty.",Work,['branding']
Michael Lee,1.7K,2 mins,https://example.com/branding-article-3,Consistency in Branding: Key to Success,"Consistency is crucial in branding. Ensure all your marketing materials, from logos to social media posts, reflect your brand identity. Maintain a consistent tone and style in your communication. Consistent branding builds recognition and trust, making it easier for customers to connect with your business.",Work,['branding']
Alice Chang,1.2K,2 mins,https://example.com/machinelearning-article-1,Introduction to Machine Learning: Basics and Applications,"Machine learning is a subset of artificial intelligence that enables systems to learn from data and make predictions or decisions. It has applications in various fields, including healthcare, finance, and marketing. Understanding machine learning basics is essential for leveraging its potential to solve complex problems.",Technology,['machinelearning']
Bob Davis,1.3K,2 mins,https://example.com/machinelearning-article-2,Machine Learning Algorithms: A Comprehensive Guide,"Machine learning algorithms are the core components of machine learning systems. They enable computers to learn patterns from data and make predictions or decisions. Understanding different types of machine learning algorithms, such as supervised learning and unsupervised learning, is essential for developing effective machine learning models.",Technology,['machinelearning']
Carol Roberts,1.4K,2 mins,https://example.com/machinelearning-article-3,Machine Learning in Healthcare: Opportunities and Challenges,"Machine learning has the potential to revolutionize healthcare by improving diagnosis, treatment, and patient care. It can analyze large amounts of medical data to identify patterns and insights that human experts might miss. However, implementing machine learning in healthcare comes with challenges such as data privacy and regulatory compliance.",Technology,['machinelearning']
David Johnson,1.5K,2 mins,https://example.com/deeplearning-article-1,Deep Learning Fundamentals: Neural Networks and Beyond,"Deep learning is a subset of machine learning that focuses on artificial neural networks and learning representations from data. It has revolutionized fields such as computer vision, natural language processing, and autonomous driving. Understanding deep learning fundamentals is essential for developing advanced AI applications.",Technology,['deeplearning']
Eva Martinez,1.6K,2 mins,https://example.com/deeplearning-article-2,Convolutional Neural Networks: Principles and Applications,"Convolutional neural networks (CNNs) are a class of deep learning models designed for processing structured grids of data, such as images and videos. They have achieved remarkable success in tasks such as image classification, object detection, and image segmentation. Understanding CNN principles is essential for building state-of-the-art computer vision systems.",Technology,['deeplearning']
Frank Wang,1.7K,2 mins,https://example.com/deeplearning-article-3,Recurrent Neural Networks: Modeling Sequential Data,"Recurrent neural networks (RNNs) are a class of deep learning models designed for processing sequential data, such as text, time series, and audio. They have applications in natural language processing, speech recognition, and machine translation. Understanding RNNs is essential for modeling temporal dependencies in data.",Technology,['deeplearning']
Grace Lee,1.8K,2 mins,https://example.com/cryptocurrency-article-1,Introduction to Cryptocurrency: Concepts and Blockchain Technology,Cryptocurrency is a digital or virtual currency that uses cryptography for security and operates independently of a central authority. Blockchain technology underpins cryptocurrencies by providing a decentralized and immutable ledger of transactions. Understanding cryptocurrency concepts and blockchain technology is essential for participating in the digital economy.,Technology,['cryptocurrency']
Harry Wilson,1.9K,2 mins,https://example.com/cryptocurrency-article-2,Cryptocurrency Investing: Strategies and Risks,"Cryptocurrency investing involves buying, selling, and holding digital assets with the expectation of generating a profit. It offers opportunities for high returns but also comes with significant risks such as volatility and regulatory uncertainty. Understanding cryptocurrency investing strategies and risks is essential for making informed decisions in the market.",Technology,['cryptocurrency']
Ivy Thompson,2.0K,2 mins,https://example.com/cryptocurrency-article-3,The Future of Cryptocurrency: Trends and Predictions,"The future of cryptocurrency holds promise for innovation and disruption in various industries, including finance, technology, and governance. Emerging trends such as decentralized finance (DeFi) and non-fungible tokens (NFTs) are reshaping the landscape. Understanding cryptocurrency trends and predictions is essential for staying ahead in the digital economy.",Technology,['cryptocurrency']
Jack Miller,2.1K,2 mins,https://example.com/dataengineering-article-1,Data Engineering Fundamentals: Principles and Practices,"Data engineering is the discipline of designing, building, and maintaining systems for collecting, storing, and processing data. It plays a crucial role in enabling data-driven decision-making and analytics. Understanding data engineering fundamentals is essential for building scalable and reliable data infrastructure.",Technology,['dataengineering']
Alice Chang,1.2K,2 mins,https://example.com/blockchain-article-1,Introduction to Blockchain Technology,"Blockchain is a distributed ledger technology that enables secure and transparent record-keeping of transactions. It has applications in various industries, including finance, supply chain, and healthcare. Understanding blockchain fundamentals is essential for exploring its potential to revolutionize business processes and create new economic models.",Technology,['blockchain']
Bob Davis,1.3K,2 mins,https://example.com/blockchain-article-2,Blockchain Use Cases: Beyond Cryptocurrency,"Blockchain technology goes beyond cryptocurrency and has diverse applications, such as asset tokenization, identity management, and decentralized finance (DeFi). Exploring blockchain use cases across different industries is essential for understanding its transformative potential and identifying opportunities for innovation.",Technology,['blockchain']
Carol Roberts,1.4K,2 mins,https://example.com/blockchain-article-3,Blockchain Security: Challenges and Best Practices,"Blockchain security is paramount for ensuring the integrity and confidentiality of data stored on the blockchain. It involves addressing challenges such as consensus mechanisms, cryptographic vulnerabilities, and smart contract bugs. Implementing best practices for blockchain security is essential for mitigating risks and building trust in decentralized systems.",Technology,['blockchain']
David Johnson,1.5K,2 mins,https://example.com/softwaredevelopment-article-1,Software Development Lifecycle: Key Phases and Practices,"The software development lifecycle (SDLC) comprises several phases, including requirements gathering, design, implementation, testing, deployment, and maintenance. Adhering to best practices throughout the SDLC is essential for delivering high-quality software products on time and within budget.",Technology,['software development']
Eva Martinez,1.6K,2 mins,https://example.com/softwaredevelopment-article-2,Agile Software Development: Principles and Methodologies,"Agile software development is an iterative approach to software development that emphasizes flexibility, collaboration, and customer feedback. It involves breaking projects into small increments called sprints and continuously delivering value to stakeholders. Adopting agile principles and methodologies is essential for responding to changing requirements and delivering successful software products.",Technology,['software development']
Frank Wang,1.7K,2 mins,https://example.com/softwaredevelopment-article-3,DevOps Practices: Streamlining Software Development and Operations,"DevOps is a set of practices that combines software development (Dev) and IT operations (Ops) to shorten the software development lifecycle and deliver software releases more frequently, reliably, and efficiently. Adopting DevOps practices is essential for improving collaboration, automation, and feedback loops across development and operations teams.",Technology,['software development']
Grace Lee,1.8K,2 mins,https://example.com/androiddevelopment-article-1,Introduction to Android App Development,"Android app development is the process of creating mobile applications for devices running the Android operating system. It involves using programming languages such as Java or Kotlin, along with development tools like Android Studio. Understanding the fundamentals of Android app development is essential for building innovative and user-friendly mobile apps.",Technology,['android development']
Harry Wilson,1.9K,2 mins,https://example.com/androiddevelopment-article-2,Building Responsive UIs for Android Apps,Creating responsive user interfaces (UIs) is essential for delivering a great user experience (UX) in Android apps. It involves designing UI layouts that adapt to different screen sizes and orientations. Employing responsive design principles and UI frameworks is essential for building visually appealing and accessible Android apps.,Technology,['android development']
Ivy Thompson,2.0K,2 mins,https://example.com/androiddevelopment-article-3,Android App Testing: Strategies and Tools,"Testing is a crucial aspect of Android app development that ensures software quality and reliability. It involves various testing strategies, including unit testing, integration testing, and user acceptance testing. Leveraging testing tools and frameworks is essential for detecting and fixing bugs early in the development process.",Technology,['android development']
Alice Chang,1.2K,2 mins,https://example.com/programminglanguage-article-1,Introduction to Programming Languages: From C to Python,"Programming languages are essential tools for software development, enabling developers to write instructions that computers can execute. From low-level languages like C to high-level languages like Python, each language has its strengths and use cases. Understanding the fundamentals of programming languages is essential for aspiring developers.",Technology,['programming language']
Bob Davis,1.3K,2 mins,https://example.com/programminglanguage-article-2,Choosing the Right Programming Language for Your Project,"Selecting the appropriate programming language is crucial for the success of a software project. Factors to consider include the project requirements, developer expertise, performance considerations, and community support. Evaluating the strengths and weaknesses of different programming languages is essential for making informed decisions.",Technology,['programming language']
Carol Roberts,1.4K,2 mins,https://example.com/programminglanguage-article-3,"Mastering Programming Language Concepts: Variables, Functions, and Control Structures","Understanding core programming language concepts such as variables, functions, and control structures is essential for becoming a proficient programmer. These concepts form the foundation of algorithmic problem-solving and software development. Practicing programming exercises and projects is essential for mastering programming language fundamentals.",Technology,['programming language']
David Johnson,1.5K,2 mins,https://example.com/iosdevelopment-article-1,Introduction to iOS App Development: Getting Started with Swift,"iOS app development is the process of creating mobile applications for Apple's iOS platform using programming languages like Swift and Objective-C. It involves designing user interfaces, implementing app logic, and integrating with iOS frameworks and APIs. Understanding the basics of iOS app development is essential for building apps for iPhones and iPads.",Technology,['ios development']
Eva Martinez,1.6K,2 mins,https://example.com/iosdevelopment-article-2,Building User Interfaces for iOS Apps: UIKit and SwiftUI,Creating engaging and intuitive user interfaces (UIs) is essential for successful iOS app development. UIKit and SwiftUI are two frameworks provided by Apple for building UIs in iOS apps. Understanding the differences between UIKit and SwiftUI and when to use each framework is essential for designing visually appealing and responsive iOS apps.,Technology,['ios development']
Frank Wang,1.7K,2 mins,https://example.com/iosdevelopment-article-3,iOS App Testing: Best Practices and Tools,"Testing is a critical aspect of iOS app development that ensures software quality and reliability. It involves various testing techniques, including unit testing, UI testing, and performance testing. Leveraging testing best practices and tools is essential for detecting and fixing bugs early in the development process and delivering high-quality iOS apps.",Technology,['ios development']
Alice Chang,1.2K,2 mins,https://example.com/devops-article-1,Introduction to DevOps: Principles and Practices,"DevOps is a set of practices that combines software development (Dev) and IT operations (Ops) to improve collaboration, automation, and feedback loops in the software delivery process. It aims to shorten the development lifecycle, increase deployment frequency, and deliver software releases more reliably. Understanding DevOps principles and practices is essential for building efficient and scalable software systems.",Technology,['devops']
Bob Davis,1.3K,2 mins,https://example.com/devops-article-2,Continuous Integration and Continuous Deployment (CI/CD) in DevOps,"Continuous Integration (CI) and Continuous Deployment (CD) are key practices in DevOps that enable automated testing, integration, and deployment of software changes. CI/CD pipelines automate the process of building, testing, and deploying code, allowing teams to release software updates quickly and reliably. Implementing CI/CD practices is essential for achieving agility and efficiency in software development.",Technology,['devops']
Carol Roberts,1.4K,2 mins,https://example.com/devops-article-3,Infrastructure as Code (IaC) in DevOps,"Infrastructure as Code (IaC) is a practice in DevOps that involves managing and provisioning infrastructure using code and automation tools. IaC allows teams to define infrastructure configurations as code, version control them, and deploy them consistently across environments. Adopting IaC practices improves infrastructure agility, scalability, and reliability, leading to more efficient software delivery.",Technology,['devops']
Alice Chang,1.2K,2 mins,https://example.com/writing-article-1,The Art of Writing: Tips for Aspiring Authors,"Writing is a craft that requires dedication, practice, and creativity. Aspiring authors can improve their writing skills by reading widely, studying the craft, and practicing regularly. Developing a writing routine, seeking feedback, and revising diligently are essential steps in the writing process. By honing their craft and mastering storytelling techniques, writers can create compelling narratives that resonate with readers.",Media,['writing']
Bob Davis,1.3K,2 mins,https://example.com/writing-article-2,The Power of Words: Exploring the Impact of Writing on Society,"Writing has the power to shape opinions, evoke emotions, and inspire action. From literature and journalism to social media and advertising, written words play a crucial role in communication and culture. Understanding the influence of writing on society can help writers wield their craft responsibly and effectively. By harnessing the power of words, writers can contribute to meaningful discourse and positive change in the world.",Media,['writing']
Carol Roberts,1.4K,2 mins,https://example.com/writing-article-3,The Writing Process: From Idea to Publication,"The writing process involves multiple stages, including brainstorming, outlining, drafting, revising, and editing. Each stage requires different skills and approaches, and writers may employ various techniques and tools to navigate the process. Overcoming writer's block, managing time effectively, and seeking support from peers or mentors are common challenges writers face. By embracing the writing process and persevering through obstacles, writers can bring their ideas to fruition and share their stories with the world.",Media,['writing']
David Johnson,1.5K,2 mins,https://example.com/art-article-1,The Beauty of Art: Exploring Creativity and Expression,"Art is a form of creative expression that encompasses a wide range of mediums, styles, and techniques. From painting and sculpture to photography and digital art, artists use their talents to communicate ideas, emotions, and experiences. Appreciating art involves engaging with visual aesthetics, exploring cultural contexts, and interpreting symbolic meanings. By embracing diverse artistic perspectives and supporting creative communities, individuals can enrich their lives and cultivate a deeper understanding of the world.",Media,['art']
Eva Martinez,1.6K,2 mins,https://example.com/art-article-2,The Evolution of Art: From Traditional to Digital,"Artistic expression has evolved alongside technological advancements, with new mediums and tools continually reshaping the creative landscape. Digital art, in particular, has revolutionized the way artists conceptualize and produce artwork, offering new possibilities for experimentation and collaboration. Exploring the intersection of art and technology can inspire innovation, spark dialogue, and redefine artistic boundaries. By embracing emerging trends and embracing digital tools, artists can adapt to changing times and push the boundaries of creativity.",Media,['art']
Frank Wang,1.7K,2 mins,https://example.com/art-article-3,The Impact of Art on Society: Reflections on Culture and Identity,"Art reflects and shapes the cultural values, beliefs, and identities of societies throughout history. From ancient cave paintings to contemporary installations, art serves as a mirror of human experience, offering insights into social, political, and environmental issues. Examining the role of art in society can foster empathy, promote dialogue, and inspire collective action. By engaging with art critically and thoughtfully, individuals can gain a deeper appreciation for diverse perspectives and cultivate a more inclusive and equitable world.",Media,['art']
Grace Lee,1.8K,2 mins,https://example.com/comics-article-1,The Art of Comics: Exploring Visual Storytelling,"Comics are a unique form of storytelling that combines visual art with narrative elements to engage readers and convey complex ideas. From superhero epics to intimate memoirs, comics offer diverse genres and styles that appeal to a wide audience. Exploring the history and techniques of comic creation can deepen appreciation for the medium and inspire aspiring artists and writers. By embracing the art of comics, creators can harness the power of visual storytelling to entertain, educate, and inspire readers.",Media,['comics']
Henry Smith,1.9K,2 mins,https://example.com/comics-article-2,The Influence of Comics: From Pop Culture Phenomenon to Literary Artform,"Comics have evolved from their origins as pulp entertainment to become recognized as a legitimate artform with cultural significance and literary merit. From graphic novels that tackle complex themes to webcomics that entertain millions, comics continue to push boundaries and defy expectations. Examining the influence of comics on popular culture, literature, and visual storytelling can shed light on their enduring appeal and evolving role in society. By celebrating comics as a diverse and dynamic medium, enthusiasts can support creators and foster a thriving comic community.",Media,['comics']
Alice Chang,1.2K,2 mins,https://example.com/books-article-1,The Power of Reading: How Books Shape Our Minds,"Books have the power to transport us to different worlds, broaden our perspectives, and deepen our understanding of ourselves and others. From classic literature to contemporary fiction, reading offers endless opportunities for exploration and growth. Discovering new authors, genres, and ideas can ignite our imaginations and inspire lifelong learning. By cultivating a habit of reading and sharing stories, we can enrich our lives and connect with the diverse voices and experiences of humanity.",Media,['books']
Bob Davis,1.3K,2 mins,https://example.com/books-article-2,The Joy of Reading: Finding Solace and Inspiration in Books,"Reading is more than just a pastime; it's a source of comfort, inspiration, and personal growth. Whether we're seeking escapism from the stresses of daily life or seeking wisdom from the pages of history, books offer solace and insight. Engaging with literature can stimulate our minds, nourish our souls, and foster empathy and understanding. By embracing the magic of storytelling and sharing our love of books with others, we can create communities of readers who celebrate the transformative power of literature.",Media,['books']
Carol Roberts,1.4K,2 mins,https://example.com/books-article-3,The Evolution of Storytelling: From Print to Digital,"As technology advances, storytelling continues to evolve, adapting to new mediums and formats. From traditional print books to e-books, audiobooks, and interactive storytelling experiences, the ways we consume and interact with stories are constantly changing. Exploring the intersection of technology and storytelling can offer insights into the future of literature and media. By embracing digital innovation and experimenting with new storytelling techniques, authors and publishers can reach wider audiences and engage readers in exciting new ways.",Media,['books']
David Johnson,1.5K,2 mins,https://example.com/gaming-article-1,The Power of Play: Exploring the Impact of Gaming on Society,"Gaming has emerged as a cultural phenomenon with far-reaching impacts on society, entertainment, and technology. From casual mobile games to immersive virtual reality experiences, gaming offers diverse opportunities for entertainment, education, and social interaction. Exploring the influence of gaming on individuals and communities can shed light on its potential for positive change and innovation. By embracing gaming as a dynamic and evolving medium, we can harness its power to inspire creativity, foster collaboration, and shape the future of entertainment.",Media,['gaming']
Eva Martinez,1.6K,2 mins,https://example.com/gaming-article-2,The Rise of Esports: How Gaming is Changing the Sports Landscape,"Esports has emerged as a global phenomenon, attracting millions of fans and players from around the world. From competitive tournaments to streaming platforms and professional leagues, esports offers a new paradigm for sports entertainment and competition. Exploring the growth and impact of esports can offer insights into its potential to reshape traditional sports and media industries. By embracing esports as a legitimate and dynamic form of entertainment, we can celebrate the passion, skill, and diversity of gaming communities worldwide.",Media,['gaming']
Frank Wang,1.7K,2 mins,https://example.com/gaming-article-3,The Future of Gaming: Trends and Innovations in Interactive Entertainment,"As technology continues to advance, gaming is poised to undergo further transformation and innovation. From cloud gaming and virtual reality to artificial intelligence and augmented reality, emerging technologies are reshaping the gaming landscape. Exploring the future of gaming can offer insights into new opportunities for creativity, engagement, and community-building. By embracing technological advancements and pushing the boundaries of interactive entertainment, we can unlock new possibilities for gaming experiences that captivate and inspire players worldwide.",Media,['gaming']
Grace Lee,1.8K,2 mins,https://example.com/metaverse-article-1,The Metaverse: Exploring the Future of Virtual Reality,"The metaverse is a virtual shared space where users can interact with digital environments and each other in real-time. From virtual worlds and social platforms to immersive experiences and digital economies, the metaverse offers endless possibilities for exploration and creativity. Understanding the concept and potential of the metaverse can offer insights into its impact on entertainment, communication, and commerce. By embracing virtual reality and building inclusive and immersive metaverse experiences, we can shape a future where anyone can connect, create, and collaborate in virtual worlds.",Media,['metaverse']
Henry Smith,1.9K,2 mins,https://example.com/metaverse-article-2,The Future of Socializing: How the Metaverse is Reshaping Communication,"The metaverse is revolutionizing the way we communicate, collaborate, and connect with others online. From virtual meetings and events to shared virtual spaces and digital avatars, the metaverse offers new opportunities for social interaction and engagement. Exploring the potential of the metaverse to transform communication can offer insights into its implications for society, culture, and identity. By embracing virtual social platforms and building inclusive and accessible metaverse experiences, we can create new ways to connect and collaborate in the digital age.",Media,['metaverse']
Alice Chang,1.2K,2 mins,https://example.com/economics-article-1,Understanding Economic Inequality: Causes and Consequences,"Economic inequality is a complex and multifaceted issue that impacts individuals, communities, and societies worldwide. Exploring the root causes and consequences of economic inequality can offer insights into its far-reaching impacts on social mobility, public health, and political stability. By addressing systemic barriers and implementing policies that promote economic opportunity and equity, we can work towards a more just and inclusive society where everyone has the chance to thrive.",Society,['economics']
Bob Davis,1.3K,2 mins,https://example.com/economics-article-2,The Economics of Poverty: Breaking the Cycle of Deprivation,"Poverty is a complex and entrenched social issue that requires comprehensive solutions and targeted interventions. Understanding the economic factors that contribute to poverty can help policymakers and advocates develop strategies to address its root causes and alleviate its impacts. Investing in education, job training, and social safety nets can empower individuals and families to escape the cycle of deprivation and build a more stable and prosperous future. By prioritizing economic justice and opportunity, we can create a society where everyone has the chance to thrive.",Society,['economics']
Carol Roberts,1.4K,2 mins,https://example.com/economics-article-3,The Impact of Globalization on Economic Inequality,"Globalization has transformed the world economy, connecting countries and cultures in unprecedented ways. However, it has also contributed to widening economic disparities between nations and exacerbating inequalities within societies. Examining the social and economic impacts of globalization can offer insights into its effects on employment, wages, and social mobility. By advocating for fair trade policies, labor rights, and environmental protections, we can mitigate the negative effects of globalization and promote a more equitable and sustainable global economy.",Society,['economics']
David Johnson,1.5K,2 mins,https://example.com/education-article-1,The Power of Education: Unlocking Opportunities for All,"Education is a fundamental human right and a powerful tool for personal empowerment and social change. By providing access to quality education for all individuals, regardless of background or circumstances, we can unlock opportunities for economic mobility, civic engagement, and personal fulfillment. Investing in early childhood education, teacher training, and school infrastructure can lay the foundation for lifelong learning and prosperity. By prioritizing education as a cornerstone of social development, we can create a more equitable and inclusive society where everyone has the chance to reach their full potential.",Society,['education']
Eva Martinez,1.6K,2 mins,https://example.com/education-article-2,The Role of Education in Promoting Social Justice and Equity,"Education plays a crucial role in promoting social justice, equity, and inclusion in society. By teaching critical thinking, empathy, and cultural awareness, education can empower individuals to challenge prejudice, discrimination, and systemic barriers to equality. Investing in diverse and inclusive curricula, anti-bias training for educators, and community engagement initiatives can foster a more equitable and just educational system. By prioritizing educational equity and access, we can create a society where everyone has the opportunity to learn, grow, and succeed.",Society,['education']
Frank Wang,1.7K,2 mins,https://example.com/education-article-3,The Future of Education: Innovations and Challenges in Learning,"The landscape of education is evolving rapidly in response to technological advancements, demographic shifts, and changing workforce demands. Exploring emerging trends and innovations in education can offer insights into new opportunities and challenges facing learners, educators, and policymakers. From online learning platforms and personalized instruction to competency-based assessments and lifelong learning initiatives, the future of education holds immense potential for transforming lives and communities. By embracing innovation and collaboration, we can build a more responsive, inclusive, and effective education system that prepares learners for success in the 21st century.",Society,['education']
Alice Chang,1.2K,2 mins,https://example.com/feminism-article-1,The Evolution of Feminism: From Suffrage to Modern Movements,"Feminism has evolved significantly from the early suffrage movements to contemporary campaigns for gender equality. Exploring the history and milestones of feminism can offer insights into the ongoing struggles and achievements of women's rights activists. By understanding the diverse perspectives and goals within feminist movements, we can work towards a more inclusive and equitable society that respects and upholds the rights and dignity of all individuals.",Society,['feminism']
Bob Davis,1.3K,2 mins,https://example.com/feminism-article-2,Intersectional Feminism: Embracing Diversity and Inclusion,"Intersectional feminism recognizes the interconnected nature of social identities and the overlapping systems of oppression that impact individuals differently. By embracing diversity and inclusion within feminist movements, we can address the unique challenges faced by marginalized communities and promote broader social justice. Understanding and advocating for intersectional feminism can help create a more comprehensive and effective approach to achieving gender equality and dismantling systemic discrimination.",Society,['feminism']
Carol Roberts,1.4K,2 mins,https://example.com/feminism-article-3,The Future of Feminism: Advancing Gender Equality in the 21st Century,"The future of feminism lies in continuing to challenge and transform societal norms, policies, and practices that perpetuate gender inequality. By advocating for equitable representation, pay equity, and reproductive rights, modern feminist movements strive to create a world where all individuals have the opportunity to thrive. Embracing new strategies, technologies, and collaborations can strengthen feminist efforts and ensure that gender equality remains a central goal in our evolving society.",Society,['feminism']
David Johnson,1.5K,2 mins,https://example.com/stock-market-article-1,Understanding the Stock Market: Basics for Beginners,"The stock market is a complex and dynamic system that plays a crucial role in the global economy. For beginners, understanding the basics of stock trading, market indices, and investment strategies can provide a solid foundation for navigating the financial landscape. By learning about market trends, risk management, and portfolio diversification, individuals can make informed decisions and participate confidently in the stock market.",Society,['stock market']
Eva Martinez,1.6K,2 mins,https://example.com/stock-market-article-2,The Impact of Technology on the Stock Market,"Technology has transformed the stock market, enabling faster transactions, greater accessibility, and new investment opportunities. From algorithmic trading to online brokerage platforms, technological advancements have democratized access to financial markets and empowered individual investors. Understanding the role of technology in the stock market can offer insights into its benefits and challenges, and help investors leverage digital tools to enhance their trading strategies and financial planning.",Society,['stock market']
Frank Wang,1.7K,2 mins,https://example.com/stock-market-article-3,The Future of the Stock Market: Trends and Predictions,"The stock market is constantly evolving, influenced by economic conditions, technological advancements, and geopolitical events. Exploring emerging trends and predictions for the future can help investors anticipate changes and adapt their strategies accordingly. By staying informed about market developments, regulatory changes, and global economic shifts, investors can navigate the complexities of the stock market and make informed decisions to achieve their financial goals.",Society,['stock market']
George Smith,2.1K,2 mins,https://example.com/philosophy-article-1,The Role of Philosophy in Modern Life,"Philosophy offers a framework for understanding fundamental questions about existence, knowledge, and ethics. In modern life, philosophical inquiry can provide insights into contemporary issues, promoting critical thinking and ethical decision-making. By exploring philosophical concepts and engaging in thoughtful dialogue, individuals can develop a deeper understanding of the world and their place within it, fostering a more reflective and meaningful life.",Culture,['philosophy']
Helen Brown,2.3K,2 mins,https://example.com/philosophy-article-2,Philosophical Perspectives on Happiness,"Happiness is a central theme in philosophy, with various schools of thought offering different perspectives on what it means to live a good life. From Aristotle's concept of eudaimonia to contemporary theories of well-being, philosophical discussions about happiness explore the balance between pleasure, virtue, and fulfillment. Engaging with these ideas can help individuals reflect on their own pursuit of happiness and the values that shape their lives.",Culture,['philosophy']
Ian Turner,2.5K,2 mins,https://example.com/philosophy-article-3,The Influence of Eastern Philosophy on Western Thought,"Eastern philosophies, such as Buddhism, Taoism, and Confucianism, have significantly influenced Western thought and culture. Concepts like mindfulness, harmony, and interconnectedness are increasingly integrated into Western philosophical and psychological practices. Understanding these influences can foster cross-cultural appreciation and enrich our approach to life's challenges, promoting a more holistic and balanced perspective on existence and well-being.",Culture,['philosophy']
Jane Doe,1.9K,2 mins,https://example.com/religion-article-1,Exploring the World's Major Religions,"Religion plays a vital role in shaping cultures and societies around the world. Exploring the beliefs, practices, and histories of major religions such as Christianity, Islam, Hinduism, and Buddhism can promote understanding and tolerance. By learning about the diverse ways in which people seek meaning and purpose, we can appreciate the rich tapestry of human spirituality and the common threads that unite us.",Culture,['religion']
Mark Taylor,2.0K,2 mins,https://example.com/religion-article-2,The Role of Religion in Contemporary Society,"Religion continues to play a significant role in contemporary society, influencing moral values, social norms, and community life. Despite the rise of secularism, many people find comfort, guidance, and a sense of belonging through religious faith. Understanding the role of religion in modern contexts can help us navigate the complex interactions between belief systems and societal change, fostering a more inclusive and respectful environment.",Culture,['religion']
Nina Patel,2.2K,2 mins,https://example.com/religion-article-3,Interfaith Dialogue: Building Bridges Across Beliefs,"Interfaith dialogue is crucial for promoting mutual understanding and respect among diverse religious communities. By engaging in conversations that explore common values and address differences, individuals can build bridges across beliefs, fostering peace and cooperation. Interfaith initiatives can help reduce prejudice, resolve conflicts, and create a more harmonious society where people of all faiths can coexist and thrive together.",Culture,['religion']
Oliver Harris,2.4K,2 mins,https://example.com/spirituality-article-1,The Quest for Spiritual Fulfillment,"Spirituality involves a quest for meaning, connection, and transcendence beyond the material aspects of life. Whether through meditation, nature, or artistic expression, individuals seek spiritual fulfillment in various ways. Exploring different spiritual practices can enrich our understanding of the human experience, helping us connect with our inner selves and the larger universe, and fostering a sense of peace and purpose.",Culture,['spirituality']
Paul Adams,2.6K,2 mins,https://example.com/spirituality-article-2,Mindfulness and Spiritual Growth,"Mindfulness is a spiritual practice that involves being present and fully engaged in the moment. By cultivating mindfulness, individuals can enhance their awareness, reduce stress, and foster spiritual growth. Integrating mindfulness into daily life can lead to a deeper connection with oneself and the world, promoting a more balanced and harmonious existence. This practice has roots in various spiritual traditions, highlighting its universal appeal.",Culture,['spirituality']
Quincy Bennett,2.8K,2 mins,https://example.com/spirituality-article-3,The Intersection of Science and Spirituality,"The relationship between science and spirituality is a fascinating area of exploration. While science seeks to understand the physical world through empirical evidence, spirituality addresses the deeper questions of existence and meaning. By exploring the intersection of these domains, individuals can gain a more comprehensive view of reality, recognizing the value of both scientific inquiry and spiritual insight in understanding the mysteries of life.",Culture,['spirituality']
Emily Johnson,1.5K,2 mins,https://example.com/cities-article-1,The Rise of Smart Cities,"Smart cities integrate technology to enhance the quality of urban life. By utilizing data and IoT devices, these cities improve infrastructure, optimize traffic flow, and reduce energy consumption. The rise of smart cities is transforming urban environments, making them more efficient, sustainable, and livable. As technology continues to advance, the potential for smarter, more connected cities grows, promising a better future for urban dwellers.",World,['cities']
Michael Smith,1.7K,2 mins,https://example.com/cities-article-2,Urbanization and Its Challenges,"Urbanization is a global phenomenon with significant impacts on society and the environment. As more people move to cities, challenges such as overcrowding, pollution, and inadequate infrastructure arise. Addressing these issues requires innovative solutions and sustainable planning. By focusing on smart growth and community development, cities can become more resilient and better equipped to meet the needs of their growing populations.",World,['cities']
Sophia Brown,1.9K,2 mins,https://example.com/cities-article-3,The Future of Urban Transportation,"The future of urban transportation is evolving with advancements in technology and infrastructure. Innovations such as electric vehicles, autonomous cars, and efficient public transit systems are transforming how we navigate cities. These developments aim to reduce traffic congestion, lower emissions, and improve accessibility. As cities embrace these changes, the potential for a more sustainable and convenient urban transportation system grows.",World,['cities']
James Williams,2.0K,2 mins,https://example.com/nature-article-1,The Importance of Biodiversity,"Biodiversity is crucial for maintaining the balance of ecosystems and ensuring the survival of various species. It provides essential services such as pollination, nutrient cycling, and climate regulation. Protecting biodiversity is vital for the health of our planet and the well-being of future generations. By conserving natural habitats and promoting sustainable practices, we can help preserve the rich diversity of life on Earth.",World,['nature']
Olivia Taylor,2.1K,2 mins,https://example.com/nature-article-2,Exploring the Wonders of National Parks,"National parks offer a glimpse into the natural beauty and biodiversity of our planet. They provide opportunities for recreation, education, and conservation. Visiting national parks allows us to connect with nature, learn about different ecosystems, and appreciate the importance of preserving these natural treasures. By supporting national parks, we contribute to the protection of wildlife and the conservation of our natural heritage.",World,['nature']
Isabella Moore,2.3K,2 mins,https://example.com/nature-article-3,The Role of Forests in Climate Regulation,"Forests play a vital role in regulating the Earth's climate. They act as carbon sinks, absorbing carbon dioxide from the atmosphere and storing it in biomass. Forests also influence weather patterns, protect watersheds, and support biodiversity. Deforestation and forest degradation pose significant threats to these critical functions. Protecting and restoring forests is essential for mitigating climate change and ensuring a sustainable future.",World,['nature']
Liam Martinez,2.4K,2 mins,https://example.com/climate-change-article-1,The Impact of Climate Change on Coastal Cities,"Climate change poses significant risks to coastal cities around the world. Rising sea levels, increased storm intensity, and coastal erosion threaten infrastructure, economies, and communities. Addressing these challenges requires innovative solutions such as resilient infrastructure, sustainable urban planning, and climate adaptation strategies. By taking proactive measures, we can reduce the vulnerability of coastal cities and protect their inhabitants.",World,['climate change']
Ava Rodriguez,2.5K,2 mins,https://example.com/climate-change-article-2,Renewable Energy: A Key to Combating Climate Change,"Renewable energy sources, such as solar, wind, and hydropower, are essential in the fight against climate change. They provide clean, sustainable alternatives to fossil fuels, reducing greenhouse gas emissions and dependence on non-renewable resources. Investing in renewable energy technologies and infrastructure is crucial for transitioning to a low-carbon economy and achieving global climate goals. Embracing renewable energy can lead to a more sustainable and resilient future.",World,['climate change']
Ethan Harris,2.7K,2 mins,https://example.com/climate-change-article-3,The Role of Individuals in Mitigating Climate Change,"Individuals play a crucial role in mitigating climate change through everyday actions and lifestyle choices. Reducing energy consumption, minimizing waste, and supporting sustainable products are effective ways to lower one's carbon footprint. Additionally, advocating for environmental policies and participating in community initiatives can amplify individual efforts. Collective action and personal responsibility are key to addressing the global challenge of climate change.",World,['climate change']
Mason Clark,2.8K,2 mins,https://example.com/travel-article-1,Sustainable Travel: Tips for Eco-Friendly Adventures,"Sustainable travel focuses on minimizing the environmental impact of tourism. Simple actions such as choosing eco-friendly accommodations, reducing plastic use, and respecting local cultures can make a significant difference. By supporting sustainable tourism practices, travelers can enjoy their adventures while preserving the natural beauty and cultural heritage of destinations. Responsible travel ensures that future generations can also experience the wonders of our planet.",World,['travel']
Charlotte Lee,3.0K,2 mins,https://example.com/travel-article-2,Exploring Off-the-Beaten-Path Destinations,"Traveling to off-the-beaten-path destinations offers unique experiences and helps reduce the pressures on popular tourist spots. These less-explored areas often provide a more authentic and immersive travel experience. By venturing off the usual tourist trails, travelers can discover hidden gems, connect with local communities, and contribute to the preservation of less-known cultural and natural attractions.",World,['travel']
Amelia Perez,3.2K,2 mins,https://example.com/travel-article-3,Cultural Immersion Through Travel,"Traveling offers an opportunity to immerse oneself in different cultures and broaden one's perspective. By engaging with local customs, trying traditional foods, and participating in cultural activities, travelers can gain a deeper understanding of the places they visit. Cultural immersion fosters empathy, respect, and appreciation for diversity, enriching the travel experience and contributing to global understanding and harmony.",World,['travel']
